,tweet_id,retweet_count,favorite_count
0,892420643555336193,7651,35962
1,892177421306343426,5649,31035
2,891815181378084864,3747,23356
3,891689557279858688,7815,39263
4,891327558926688256,8410,37503
5,891087950875897856,2819,18889
6,890971913173991426,1839,10976
7,890729181411237888,17065,60580
8,890609185150312448,3885,25991
9,890240255349198849,6644,29699
10,890006608113172480,6626,28592
11,889880896479866881,4508,26007
12,889665388333682689,9040,44755
13,889638837579907072,4054,25182
14,889531135344209921,2044,14127
15,889278841981685760,4826,23463
16,888917238123831296,4064,27129
17,888804989199671297,3833,23827
18,888554962724278272,3145,18392
19,888078434458587136,3140,20287
20,887705289381826560,4887,28183
21,887517139158093824,10660,43239
22,887473957103951883,16287,64077
23,887343217045368832,9482,31375
24,887101392804085760,5403,28551
25,886983233522544640,6937,32537
26,886736880519319552,2908,11160
27,886680336477933568,4054,20945
28,886366144734445568,2869,19700
29,886267009285017600,4,111
30,886258384151887873,5717,26080
31,886054160059072513,100,0
32,885984800019947520,6082,30370
33,885528943205470208,5783,33490
34,885518971528720385,3382,19088
35,885311592912609280,16761,0
36,885167619883638784,3956,20393
37,884925521741709313,16366,71837
38,884876753390489601,5047,25932
39,884562892145688576,4254,22652
40,884441805382717440,5155,25265
41,884247878851493888,18388,67644
42,884162670584377345,2712,19021
43,883838122936631299,3104,20374
44,883482846933004288,8946,42725
45,883360690899218434,3351,21128
46,883117836046086144,6016,34602
47,882992080364220416,3520,22276
48,882762694511734784,4425,26330
49,882627270321602560,5502,26100
50,882268110199369728,10482,41774
51,882045870035918850,4419,27339
52,881906580714921986,3081,22702
53,881666595344535552,9661,47228
54,881633300179243008,7,117
55,881536004380872706,14476,46111
56,881268444196462592,4783,21662
57,880935762899988482,2534,15954
58,880872448815771648,3470,19840
59,880465832366813184,5634,26544
60,880221127280381952,3780,25151
61,880095782870896641,3932,25759
62,879862464715927552,3167,20855
63,879674319642796034,10,293
64,879492040517615616,2896,21910
65,879415818425184262,40311,98674
66,879376492567855104,2837,15690
67,879130579576475649,6171,0
68,879050749262655488,4266,21027
69,879008229531029506,2429,17747
70,878776093423087618,3709,18084
71,878604707211726852,6432,28129
72,878404777348136964,1165,0
73,878316110768087041,6041,0
74,878281511006478336,1165,7217
75,878057613040115712,6171,39289
76,877736472329191424,17218,73939
77,877611172832227328,73,0
78,877556246731214848,3456,21197
79,877316821321428993,4734,25582
80,877201837425926144,5067,25324
81,876838120628539392,3031,19338
82,876537666061221889,4270,22135
83,876484053909872640,2155,17556
84,876120275196170240,4246,26160
85,875747767867523072,3888,23512
86,875144289856114688,4463,20505
87,875097192612077568,5532,25644
88,875021211251597312,4296,23863
89,874680097055178752,4218,26024
90,874434818259525634,13244,0
91,874296783580663808,3751,24376
92,874057562936811520,3630,21276
93,874012996292530176,9345,32088
94,873580283840344065,3599,22701
95,873337748698140672,1454,0
96,873213775632977920,1454,6711
97,872967104147763200,4952,25540
98,872820683541237760,3406,13822
99,872620804844003328,3335,19446
100,872486979161796608,8277,38252
101,872122724285648897,7404,32192
102,871879754684805121,10059,35288
103,871762521631449091,3199,19000
104,871515927908634625,3190,18949
105,871166179821445120,5246,0
106,871102520638267392,5055,19664
107,871032628920680449,3512,21369
108,870804317367881728,5691,31656
109,870726314365509632,3,114
110,870656317836468226,2418,11620
111,870374049280663552,24394,78169
112,870308999962521604,3813,20632
113,870063196459192321,7653,34398
114,869772420881756160,9337,40119
115,869702957897576449,5809,26595
116,869596645499047938,2882,15048
117,869227993411051520,3480,19255
118,868880397819494401,13334,61721
119,868639477480148993,1918,0
120,868622495443632128,4898,25162
121,868552278524837888,1918,9513
122,867900495410671616,3869,22867
123,867774946302451713,6805,32099
124,867421006826221569,2303,15197
125,867072653475098625,110,0
126,867051520902168576,7314,30491
127,866720684873056260,4452,18942
128,866686824827068416,3240,18243
129,866450705531457537,32686,115734
130,866334964761202691,13243,49606
131,866094527597207552,7793,0
132,865718153858494464,5223,24324
133,865359393868664832,4659,25070
134,865006731092295680,7163,26585
135,864873206498414592,8099,30626
136,864279568663928832,2816,13838
137,864197398364647424,8256,28454
138,863907417377173506,3862,19564
139,863553081350529029,3919,14520
140,863471782782697472,2269,0
141,863432100342583297,4903,22601
142,863427515083354112,89,2095
143,863079547188785154,1038,8356
144,863062471531167744,2269,8033
145,862831371563274240,4822,18263
146,862722525377298433,3307,16280
147,862457590147678208,4615,19456
148,862096992088072192,21668,70637
149,861383897657036800,10041,34363
150,861288531465048066,3881,16355
151,861005113778896900,3578,15921
152,860981674716409858,2014,0
153,860924035999428608,749,0
154,860563773140209665,2014,7146
155,860524505164394496,4987,22575
156,860276583193509888,3296,17542
157,860184849394610176,5495,15924
158,860177593139703809,29131,0
159,859924526012018688,3869,18716
160,859851578198683649,3310,14753
161,859607811541651456,1473,17813
162,859196978902773760,28440,85851
163,859074603037188101,12866,32365
164,858860390427611136,7663,0
165,858843525470990336,3292,14941
166,858471635011153920,4602,20626
167,858107933456039936,2744,15116
168,857989990357356544,2459,15444
169,857746408056729600,10085,32883
170,857393404942143489,1559,5650
171,857263160327368704,4292,19272
172,857214891891077121,17,216
173,857062103051644929,161,0
174,857029823797047296,3781,18122
175,856543823941562368,2744,15707
176,856526610513747968,1787,11430
177,856330835276025856,639,0
178,856288084350160898,15,495
179,856282028240666624,6004,26753
180,855862651834028034,24,324
181,855860136149123072,934,4744
182,855857698524602368,2016,11459
183,855851453814013952,17241,44188
184,855818117272018944,5191,25743
185,855459453768019968,7876,28784
186,855245323840757760,5704,0
187,855138241867124737,43,0
188,854732716440526848,5817,22013
189,854482394044301312,6587,28351
190,854365224396361728,4509,18313
191,854120357044912130,7172,31027
192,854010172552949760,3028,15741
193,853760880890318849,5532,27738
194,853639147608842240,9681,33655
195,853299958564483072,3437,15068
196,852936405516943360,1925,0
197,852912242202992640,1748,8782
198,852672615818899456,2082,14510
199,852553447878664193,3350,15874
200,852311364735569921,9617,32304
201,852226086759018497,6630,19483
202,852189679701164033,1542,11176
203,851861385021730816,19,0
204,851591660324737024,3366,15879
205,851464819735769094,6848,23694
206,851224888060895234,5574,20225
207,850753642995093505,8855,30123
208,850380195714523136,2536,12818
209,850333567704068097,319,3379
210,850145622816686080,3692,15990
211,850019790995546112,4741,19965
212,849776966551130114,7386,29798
213,849668094696017920,4823,0
214,849412302885593088,3078,15558
215,849336543269576704,1850,11197
216,849051919805034497,8255,41525
217,848690551926992896,4224,24709
218,848324959059550208,4503,24229
219,848213670039564288,711,8025
220,848212111729840128,2963,16012
221,847978865427394560,3181,0
222,847971574464610304,422,0
223,847962785489326080,4953,23102
224,847842811428974592,1296,5340
225,847617282490613760,404,6865
226,847606175596138505,3356,18465
227,847251039262605312,4227,20162
228,847157206088847362,5735,19569
229,847116187444137987,3116,21126
230,846874817362120707,3850,19783
231,846514051647705089,11302,43913
232,846505985330044928,3010,13894
233,846153765933735936,8856,31115
234,846139713627017216,9834,30607
235,846042936437604353,2805,15738
236,845812042753855489,8522,28802
237,845677943972139009,4708,24836
238,845397057150107648,1766,7519
239,845306882940190720,5295,23019
240,845098359547420673,7515,0
241,844979544864018432,2513,13456
242,844973813909606400,3129,14874
243,844580511645339650,3068,16268
244,844223788422217728,2162,13489
245,843981021012017153,2902,15007
246,843856843873095681,4550,21198
247,843604394117681152,2698,16684
248,843235543001513987,5929,21281
249,842846295480000512,3589,15116
250,842765311967449089,1259,6655
251,842535590457499648,3461,17924
252,842163532590374912,5703,24177
253,842115215311396866,2994,13845
254,841833993020538882,14858,0
255,841680585030541313,7712,25492
256,841439858740625411,3637,12522
257,841320156043304961,5434,19621
258,841314665196081154,4596,15690
259,841077006473256960,5246,22654
260,840761248237133825,1747,0
261,840728873075638272,15919,0
262,840698636975636481,2,173
263,840696689258311684,962,12184
264,840632337062862849,1747,8923
265,840370681858686976,4493,16314
266,840268004936019968,5661,19118
267,839990271299457024,2253,13314
268,839549326359670784,7663,27273
269,839290600511926273,141,0
270,839239871831150596,6460,26924
271,838952994649550848,3955,19528
272,838921590096166913,2044,11074
273,838916489579200512,35,0
274,838831947270979586,10899,0
275,838561493054533637,1322,10876
276,838476387338051585,4726,22363
277,838201503651401729,9954,0
278,838150277551247360,329,1664
279,838085839343206401,1,138
280,838083903487373313,3104,17502
281,837820167694528512,7793,33910
282,837482249356513284,440,3832
283,837471256429613056,2257,12707
284,837110210464448512,2347,15977
285,836989968035819520,2278,12701
286,836753516572119041,4611,19244
287,836677758902222849,2213,12555
288,836648853927522308,554,0
289,836397794269200385,27332,0
290,836380477523124226,2970,14701
291,836260088725786625,4273,21221
292,836001077879255040,4232,19011
293,835685285446955009,8078,0
294,835574547218894849,3598,17727
295,835536468978302976,1689,0
296,835309094223372289,20812,0
297,835297930240217089,2993,16421
298,835264098648616962,1689,7714
299,835246439529840640,73,2090
300,835172783151792128,5739,26080
301,835152434251116546,2997,22327
302,834931633769889797,1632,10768
303,834786237630337024,5469,21304
304,834574053763584002,2526,13619
305,834477809192075265,10595,0
306,834458053273591808,1675,9592
307,834209720923721728,4733,20538
308,834167344700198914,3647,15785
309,834089966724603904,2128,10018
310,834086379323871233,2198,13033
311,833863086058651648,2401,13401
312,833826103416520705,3760,18037
313,833732339549220864,221,0
314,833722901757046785,3212,20757
315,833479644947025920,2041,14821
316,833124694597443584,4823,20174
317,832998151111966721,2201,13234
318,832769181346996225,39,0
319,832757312314028032,3613,16840
320,832682457690300417,2902,11867
321,832645525019123713,531,2916
322,832636094638288896,2776,15831
323,832397543355072512,2217,11947
324,832369877331693569,3181,17176
325,832273440279240704,2337,11343
326,832215909146226688,6198,0
327,832215726631055365,9307,0
328,832088576586297345,2,62
329,832040443403784192,9614,0
330,832032802820481025,4652,17858
331,831939777352105988,6126,23975
332,831926988323639298,34,335
333,831911600680497154,6499,27597
334,831670449226514432,1816,10432
335,831650051525054464,1925,7130
336,831552930092285952,2313,8965
337,831322785565769729,1551,9275
338,831315979191906304,1127,6536
339,831309418084069378,2466,11757
340,831262627380748289,2044,11901
341,830956169170665475,1501,7962
342,830583320585068544,16761,66810
343,830173239259324417,5684,0
344,830097400375152640,2942,9791
345,829878982036299777,5015,0
346,829861396166877184,1948,12243
347,829501995190984704,10595,31757
348,829449946868879360,2018,10469
349,829141528400556032,7347,24421
350,829011960981237760,16309,53197
351,828801551087042563,3422,0
352,828770345708580865,5868,25595
353,828708714936930305,11181,36546
354,828650029636317184,1349,9506
355,828409743546925057,1166,6347
356,828408677031882754,1294,7683
357,828381636999917570,2219,12589
358,828376505180889089,1072,7383
359,828372645993398273,2937,12585
360,828361771580813312,173,2196
361,828046555563323392,2880,11760
362,828011680017821696,2154,10372
363,827933404142436356,5255,20136
364,827653905312006145,3027,15535
365,827600520311402496,950,7462
366,827324948884643840,3055,15883
367,827199976799354881,2224,10594
368,826958653328592898,5015,21616
369,826848821049180160,10195,36445
370,826615380357632002,3999,0
371,826598799820865537,253,5133
372,826598365270007810,2346,10086
373,826476773533745153,4206,18448
374,826240494070030336,2620,13328
375,826204788643753985,927,4895
376,826115272272650244,3129,15685
377,825876512159186944,1876,10507
378,825829644528148480,2499,12772
379,825535076884762624,17619,57047
380,825147591692263424,4562,18350
381,825120256414846976,1263,0
382,825026590719483904,1263,6326
383,824796380199809024,5514,0
384,824775126675836928,3530,14961
385,824663926340194305,1781,10561
386,824325613288833024,10570,11887
387,824297048279236611,3880,15110
388,824025158776213504,603,4849
389,823939628516474880,2719,10665
390,823719002937630720,11253,0
391,823699002998870016,2537,14039
392,823581115634085888,2633,13088
393,823333489516937216,25,703
394,823322678127919110,4045,15807
395,823269594223824897,9942,0
396,822975315408461824,3470,17405
397,822872901745569793,43492,132268
398,822859134160621569,2289,13320
399,822647212903690241,6446,0
400,822610361945911296,2976,14890
401,822489057087389700,6446,18262
402,822462944365645825,14399,28178
403,822244816520155136,9942,35133
404,822163064745328640,4800,0
405,821886076407029760,2327,11381
406,821813639212650496,3381,0
407,821765923262631936,1670,8451
408,821522889702862852,1772,8077
409,821421320206483457,5621,0
410,821407182352777218,4365,11848
411,821153421864615936,10,256
412,821149554670182400,2000,8690
413,821107785811234820,2151,9657
414,821044531881721856,2299,12748
415,820837357901512704,6780,0
416,820749716845686786,9954,31745
417,820690176645140481,3255,12289
418,820494788566847489,568,0
419,820446719150292993,2584,0
420,820314633777061888,568,3368
421,820078625395449857,6338,19939
422,820013781606658049,1183,0
423,819952236453363712,1183,5365
424,819924195358416896,4918,12999
425,819711362133872643,3137,13450
426,819588359383371776,2004,9706
427,819347104292290561,1217,7263
428,819238181065359361,410,2282
429,819227688460238848,6780,23237
430,819015337530290176,37172,0
431,819015331746349057,19105,0
432,819006400881917954,19105,45625
433,819004803107983360,37172,87572
434,818646164899774465,21192,0
435,818627210458333184,7603,22592
436,818614493328580609,2586,9923
437,818588835076603904,6201,0
438,818536468981415936,2478,10997
439,818307523543449600,8169,0
440,818259473185828864,2287,11111
441,818145370475810820,2598,12373
442,817908911860748288,812,4897
443,817827839487737858,27332,52080
444,817777686764523521,2717,10835
445,817536400337801217,2994,11876
446,817502432452313088,3424,0
447,817423860136083457,14858,34133
448,817415592588222464,955,5646
449,817181837579653120,8542,0
450,817171292965273600,2044,8843
451,817120970343411712,2622,12324
452,817056546584727552,1658,8673
453,816829038950027264,4761,0
454,816816676327063552,2063,10103
455,816697700272001025,2218,9885
456,816450570814898180,8169,30707
457,816336735214911488,1961,8682
458,816091915477250048,2168,9016
459,816062466425819140,1030,0
460,816014286006976512,5325,0
461,815990720817401858,1030,4995
462,815966073409433600,8542,22630
463,815745968457060357,4179,0
464,815736392542261248,2285,9942
465,815639385530101762,1670,8313
466,815390420867969024,3842,10457
467,814986499976527872,1290,7732
468,814638523311648768,2729,11389
469,814578408554463233,5908,0
470,814530161257443328,1884,8732
471,814153002265309185,8780,29042
472,813944609378369540,3223,0
473,813910438903693312,1889,9397
474,813812741911748608,14153,36790
475,813800681631023104,1785,8399
476,813217897535406080,7380,18834
477,813202720496779264,1835,9332
478,813187593374461952,4416,20092
479,813172488309972993,1951,9370
480,813157409116065792,2235,7853
481,813142292504645637,2414,8572
482,813130366689148928,454,4519
483,813127251579564032,3177,11971
484,813112105746448384,2779,10415
485,813096984823349248,3668,10690
486,813081950185472002,2813,10003
487,813066809284972545,1979,8042
488,813051746834595840,7459,21216
489,812781120811126785,1928,7660
490,812709060537683968,1449,6688
491,812503143955202048,1236,6154
492,812466873996607488,1956,8052
493,812372279581671427,3707,13809
494,811985624773361665,1421,7346
495,811744202451197953,1622,7633
496,811647686436880384,753,5676
497,811627233043480576,3123,12915
498,811386762094317568,6470,21177
499,810984652412424192,1459,5401
500,810896069567610880,1797,9121
501,810657578271330305,2687,11099
502,810284430598270976,11459,35698
503,810254108431155201,3422,14880
504,809920764300447744,3999,15723
505,809808892968534016,4962,0
506,809448704142938112,1486,7026
507,809220051211603969,5684,20174
508,809084759137812480,3576,13405
509,808838249661788160,3088,10245
510,808733504066486276,2194,8003
511,808501579447930884,2640,11452
512,808344865868283904,21192,43115
513,808134635716833280,6027,0
514,808106460588765185,2234,8908
515,808001312164028416,3592,12681
516,807621403335917568,3674,14775
517,807106840509214720,56219,119807
518,807059379405148160,7463,0
519,807010152071229440,3922,13257
520,806629075125202948,35156,75700
521,806620845233815552,5618,0
522,806576416489959424,1974,4958
523,806542213899489280,2390,10353
524,806242860592926720,11812,0
525,806219024703037440,1213,6518
526,805958939288408065,5450,0
527,805932879469572096,1951,8394
528,805826884734976000,1860,6649
529,805823200554876929,8151,0
530,805520635690676224,1680,5827
531,805487436403003392,2559,8910
532,805207613751304193,1747,7936
533,804738756058218496,3869,13886
534,804475857670639616,2040,6217
535,804413760345620481,3284,0
536,804026241225523202,16410,45056
537,803773340896923648,2785,10189
538,803692223237865472,7546,0
539,803638050916102144,4206,11088
540,803380650405482500,1895,7880
541,803321560782307329,5410,0
542,803276597545603072,2492,10168
543,802952499103731712,2038,9146
544,802624713319034886,2959,0
545,802600418706604034,1490,7199
546,802572683846291456,2550,9056
547,802323869084381190,5924,16434
548,802265048156610565,1399,6860
549,802239329049477120,2665,9202
550,802185808107208704,277,0
551,801958328846974976,1744,7864
552,801854953262350336,240,1806
553,801538201127157760,2103,8337
554,801285448605831168,836,6132
555,801167903437357056,6027,24797
556,801127390143516673,4009,0
557,801115127852503040,2134,8187
558,800859414831898624,98,694
559,800855607700029440,1636,0
560,800751577355128832,2839,10712
561,800513324630806528,3035,13301
562,800459316964663297,2202,9638
563,800443802682937345,4388,0
564,800388270626521089,2852,11303
565,800188575492947969,4011,0
566,800141422401830912,2584,15496
567,800018252395122689,13376,28773
568,799774291445383169,4766,0
569,799757965289017345,2202,8519
570,799422933579902976,1957,8176
571,799308762079035393,5557,0
572,799297110730567681,2804,10035
573,799063482566066176,2505,8172
574,798933969379225600,4538,13273
575,798925684722855936,1467,7606
576,798705661114773508,6750,0
577,798701998996647937,7917,0
578,798697898615730177,6632,0
579,798694562394996736,5045,0
580,798686750113755136,2373,0
581,798682547630837760,4792,0
582,798673117451325440,5638,0
583,798665375516884993,3975,0
584,798644042770751489,1882,0
585,798628517273620480,2009,0
586,798585098161549313,5803,0
587,798576900688019456,5940,0
588,798340744599797760,3402,0
589,798209839306514432,2607,10568
590,797971864723324932,3162,11761
591,797545162159308800,4948,14735
592,797236660651966464,6690,20241
593,797165961484890113,26,227
594,796904159865868288,9075,0
595,796865951799083009,1952,7803
596,796759840936919040,3078,11999
597,796563435802726400,7394,0
598,796484825502875648,1787,7678
599,796387464403357696,4216,11147
600,796177847564038144,14486,0
601,796149749086875649,14486,32677
602,796125600683540480,1836,5033
603,796116448414461957,2454,9225
604,796080075804475393,2346,8586
605,796031486298386433,3767,10956
606,795464331001561088,24006,50278
607,795400264262053889,2922,10216
608,795076730285391872,5514,16416
609,794983741416415232,3425,0
610,794926597468000259,2338,10373
611,794355576146903043,10468,0
612,794332329137291264,2720,9712
613,794205286408003585,3379,9348
614,793962221541933056,4962,17043
615,793845145112371200,1899,9354
616,793614319594401792,3184,0
617,793601777308463104,1650,8093
618,793500921481273345,2414,10809
619,793286476301799424,9307,24915
620,793271401113350145,2428,8821
621,793256262322548741,8472,20247
622,793241302385262592,3352,10644
623,793226087023144960,2916,9973
624,793210959003287553,2840,9049
625,793195938047070209,5718,15486
626,793180763617361921,2031,7033
627,793165685325201412,2832,9530
628,793150605191548928,1726,6262
629,793135492858580992,2538,6515
630,793120401413079041,3980,12843
631,792913359805018113,4041,14529
632,792883833364439040,4340,11463
633,792773781206999040,1703,7451
634,792394556390137856,4359,13630
635,792050063153438720,1829,7250
636,791821351946420224,21419,0
637,791784077045166082,9737,0
638,791780927877898241,3880,0
639,791774931465953280,22520,45748
640,791672322847637504,3184,11901
641,791406955684368384,4179,13318
642,791312159183634433,2574,8908
643,791026214425268224,4169,0
644,790987426131050500,2168,9958
645,790946055508652032,4761,16875
646,790723298204217344,2346,0
647,790698755171364864,1955,8328
648,790581949425475584,7262,20935
649,790337589677002753,1911,7935
650,790277117346975746,3223,12733
651,790227638568808452,3625,0
652,789986466051088384,2346,9388
653,789960241177853952,4180,0
654,789903600034189313,4198,10496
655,789628658055020548,1793,7595
656,789599242079838210,1955,6864
657,789530877013393408,3425,11879
658,789314372632018944,2326,8769
659,789280767834746880,5016,0
660,789268448748703744,2641,9226
661,789137962068021249,2837,9844
662,788908386943430656,12653,27784
663,788765914992902144,10468,27675
664,788552643979468800,7280,0
665,788412144018661376,5342,15750
666,788178268662984705,2124,7318
667,788150585577050112,1305,6197
668,788070120937619456,3475,0
669,788039637453406209,1341,6208
670,787810552592695296,3092,8745
671,787717603741622272,2816,10392
672,787397959788929025,2882,11025
673,787322443945877504,1763,7875
674,787111942498508800,6843,0
675,786963064373534720,8078,26950
676,786729988674449408,2453,0
677,786709082849828864,6198,18451
678,786664955043049472,2592,10728
679,786595970293370880,3158,9557
680,786363235746385920,3556,11019
681,786286427768250368,2885,8066
682,786233965241827333,4800,15444
683,786051337297522688,156,1436
684,786036967502913536,7111,0
685,785927819176054784,3233,11521
686,785872687017132033,1837,6772
687,785639753186217984,2264,7938
688,785533386513321988,2023,9230
689,785515384317313025,1278,6188
690,785264754247995392,1655,7347
691,785170936622350336,4891,12170
692,784826020293709826,3284,10215
693,784517518371221505,2569,9067
694,784431430411685888,1286,5767
695,784183165795655680,8151,20280
696,784057939640352768,11252,30067
697,783839966405230592,10899,30373
698,783821107061198850,1996,7430
699,783695101801398276,3254,10571
700,783466772167098368,2275,8546
701,783391753726550016,5542,17059
702,783347506784731136,5615,0
703,783334639985389568,11813,29448
704,783085703974514689,2229,8230
705,782969140009107456,7463,24367
706,782747134529531904,1423,7541
707,782722598790725632,5450,17437
708,782598640137187329,1893,7875
709,782305867769217024,5621,16813
710,782021823840026624,6266,0
711,781955203444699136,3406,11227
712,781661882474196992,2742,10516
713,781655249211752448,1142,4027
714,781524693396357120,5618,20924
715,781308096455073793,2576,7199
716,781251288990355457,2097,8522
717,781163403222056960,2769,9896
718,780931614150983680,7394,21808
719,780858289093574656,2036,7243
720,780800785462489090,1315,5534
721,780601303617732608,3381,12221
722,780543529827336192,1757,6360
723,780496263422808064,3727,0
724,780476555013349377,114,0
725,780459368902959104,1088,5344
726,780192070812196864,2259,8785
727,780092040432480260,2321,0
728,780074436359819264,5021,12273
729,779834332596887552,7111,19063
730,779377524342161408,3136,8869
731,779124354206535695,18454,0
732,779056095788752897,4575,14862
733,778990705243029504,7253,20124
734,778774459159379968,9975,0
735,778764940568104960,366,873
736,778748913645780993,1323,6946
737,778650543019483137,1513,5820
738,778624900596654080,1018,4672
739,778408200802557953,4359,13706
740,778396591732486144,12328,0
741,778383385161035776,1111,5886
742,778286810187399168,3322,10443
743,778039087836069888,2664,8563
744,778027034220126208,1626,6592
745,777953400541634568,3556,0
746,777885040357281792,1638,6382
747,777684233540206592,2959,11298
748,777641927919427584,4258,0
749,777621514455814149,2520,8800
750,777189768882946048,4333,14367
751,776819012571455488,13784,0
752,776813020089548800,1217,4918
753,776477788987613185,2800,8873
754,776249906839351296,9197,0
755,776218204058357768,15974,30086
756,776201521193218049,2533,9678
757,776113305656188928,4388,11839
758,776088319444877312,152,1854
759,775898661951791106,16630,0
760,775842724423557120,2672,11777
761,775733305207554048,4009,13947
762,775729183532220416,4626,13066
763,775364825476165632,2990,7441
764,775350846108426240,3931,10228
765,775085132600442880,4766,15645
766,774757898236878852,1794,8645
767,774639387460112384,1743,6767
768,774314403806253056,5557,21887
769,773985732834758656,3889,10782
770,773922284943896577,1759,6432
771,773704687002451968,1639,6636
772,773670353721753600,1315,5378
773,773547596996571136,6201,22205
774,773336787167145985,5112,0
775,773308824254029826,7515,23420
776,773247561583001600,3271,9513
777,773191612633579521,4157,10044
778,772877495989305348,3893,8604
779,772826264096874500,2361,8099
780,772615324260794368,3399,0
781,772581559778025472,1704,6532
782,772193107915964416,1397,6074
783,772152991789019136,1136,3819
784,772117678702071809,745,3798
785,772114945936949249,471,2743
786,772102971039580160,947,4016
787,771908950375665664,1914,6617
788,771770456517009408,3402,12060
789,771500966810099713,2626,8298
790,771380798096281600,5112,10528
791,771171053431250945,7501,0
792,771136648247640064,2936,9191
793,771102124360998913,1450,6262
794,771014301343748096,1666,6892
795,770787852854652928,1204,4942
796,770772759874076672,1420,5189
797,770655142660169732,1774,7361
798,770414278348247044,2106,6346
799,770293558247038976,1487,6265
800,770093767776997377,3065,0
801,770069151037685760,2310,7626
802,769940425801170949,9614,31449
803,769695466921623552,1689,6437
804,769335591808995329,7761,0
805,769212283578875904,1729,5412
806,768970937022709760,6538,14388
807,768909767477751808,2682,0
808,768855141948723200,894,4215
809,768609597686943744,1207,4139
810,768596291618299904,1288,5050
811,768554158521745409,5867,0
812,768473857036525572,3443,13664
813,768193404517830656,3556,10892
814,767884188863397888,1386,4756
815,767754930266464257,5410,16050
816,767500508068192258,2342,7521
817,767191397493538821,3774,12337
818,767122157629476866,2863,10198
819,766864461642756096,5643,0
820,766793450729734144,1358,5081
821,766714921925144576,380,2621
822,766693177336135680,797,4027
823,766423258543644672,1592,6012
824,766313316352462849,1891,6814
825,766078092750233600,2632,0
826,766069199026450432,853,4235
827,766008592277377025,500,3747
828,765719909049503744,2157,7251
829,765669560888528897,1224,5196
830,765395769549590528,3389,26651
831,765371061932261376,2168,7077
832,765222098633691136,3399,11637
833,764857477905154048,1780,6458
834,764259802650378240,1501,6034
835,763956972077010945,54,759
836,763837565564780549,4169,12596
837,763183847194451968,1473,5394
838,763167063695355904,3024,0
839,763103485927849985,2298,7372
840,762699858130116608,3625,12148
841,762471784394268675,6422,11236
842,762464539388485633,4180,10311
843,762316489655476224,1126,4807
844,762035686371364864,15563,31874
845,761976711479193600,2008,5408
846,761750502866649088,3923,0
847,761745352076779520,864,4276
848,761672994376806400,29131,49507
849,761599872357261312,1191,4120
850,761371037149827077,18072,0
851,761334018830917632,1451,5195
852,761292947749015552,1087,4491
853,761227390836215808,1565,5324
854,761004547850530816,3475,11340
855,760893934457552897,979,3819
856,760656994973933572,1907,6582
857,760641137271070720,1297,4982
858,760539183865880579,3620,7567
859,760521673607086080,1386,4222
860,760290219849637889,11493,26780
861,760252756032651264,868,3949
862,760190180481531904,1803,5706
863,760153949710192640,31,0
864,759943073749200896,2081,5941
865,759923798737051648,5643,14666
866,759846353224826880,1968,6735
867,759793422261743616,1909,5955
868,759557299618865152,1183,4695
869,759447681597108224,2453,8490
870,759446261539934208,488,1673
871,759197388317847553,1945,6078
872,759159934323924993,1154,0
873,759099523532779520,4168,14489
874,759047813560868866,2009,6482
875,758854675097526272,894,3546
876,758828659922702336,3827,11208
877,758740312047005698,1613,5733
878,758474966123810816,999,3800
879,758467244762497024,2209,4780
880,758405701903519748,1909,5211
881,758355060040593408,1067,3392
882,758099635764359168,9975,19040
883,758041019896193024,374,2699
884,757741869644341248,3241,6871
885,757729163776290825,7919,0
886,757725642876129280,1210,4539
887,757611664640446465,1108,4562
888,757597904299253760,300,0
889,757596066325864448,1054,4330
890,757400162377592832,6845,15125
891,757393109802180609,1735,5805
892,757354760399941633,1419,4518
893,756998049151549440,1981,6276
894,756939218950160384,2002,6639
895,756651752796094464,1303,5039
896,756526248105566208,3578,10390
897,756303284449767430,1091,3925
898,756288534030475264,17678,43926
899,756275833623502848,1529,6401
900,755955933503782912,2873,7305
901,755206590534418437,5352,16408
902,755110668769038337,11065,21157
903,754874841593970688,7892,0
904,754856583969079297,2513,6886
905,754747087846248448,519,2585
906,754482103782404096,1950,5281
907,754449512966619136,730,3746
908,754120377874386944,2356,7865
909,753655901052166144,2163,5827
910,753420520834629632,3560,7888
911,753398408988139520,1895,5743
912,753375668877008896,2320,7621
913,753298634498793472,5685,0
914,753294487569522689,1037,3362
915,753039830821511168,20811,37017
916,753026973505581056,962,3912
917,752932432744185856,6843,12602
918,752917284578922496,1570,6917
919,752701944171524096,2852,0
920,752682090207055872,1588,5992
921,752660715232722944,1550,4367
922,752568224206688256,2275,5478
923,752519690950500352,3428,7353
924,752334515931054080,1090,3807
925,752309394570878976,16187,0
926,752173152931807232,1832,5955
927,751950017322246144,911,3050
928,751937170840121344,1326,5176
929,751830394383790080,1938,5797
930,751793661361422336,2889,5808
931,751598357617971201,3030,7898
932,751583847268179968,1096,4379
933,751538714308972544,1258,5019
934,751456908746354688,995,3210
935,751251247299190784,5854,12467
936,751205363882532864,1805,6301
937,751132876104687617,1294,5053
938,750868782890057730,1355,4771
939,750719632563142656,5016,13124
940,750506206503038976,1137,4425
941,750429297815552001,4258,13122
942,750383411068534784,1147,4540
943,750381685133418496,27,693
944,750147208377409536,958,3093
945,750132105863102464,1291,3599
946,750117059602808832,1303,4316
947,750101899009982464,837,3032
948,750086836815486976,529,2161
949,750071704093859840,3317,7803
950,750056684286914561,893,3149
951,750041628174217216,613,3171
952,750026558547456000,788,2713
953,750011400160841729,905,3235
954,749996283729883136,811,3061
955,749981277374128128,2453,5102
956,749774190421639168,1309,4643
957,749417653287129088,1630,6088
958,749403093750648834,531,2610
959,749395845976588288,3416,8525
960,749317047558017024,2221,5482
961,749075273010798592,2062,5731
962,749064354620928000,1510,4783
963,749036806121881602,790,3082
964,748977405889503236,3383,10714
965,748932637671223296,2233,5785
966,748705597323898880,945,2772
967,748699167502000129,1575,4721
968,748692773788876800,1322,4230
969,748575535303884801,1962,6034
970,748568946752774144,666,2188
971,748346686624440324,1221,5197
972,748337862848962560,4078,7591
973,748324050481647620,752,3664
974,748307329658011649,704,3653
975,748220828303695873,7731,14051
976,747963614829678593,2127,5737
977,747933425676525569,2518,6557
978,747885874273214464,968,2923
979,747844099428986880,746,2802
980,747816857231626240,1150,4821
981,747651430853525504,153,1377
982,747648653817413632,5802,12816
983,747600769478692864,553,2310
984,747594051852075008,1051,3650
985,747512671126323200,1597,5506
986,747461612269887489,1033,3842
987,747439450712596480,1899,5385
988,747242308580548608,2886,0
989,747219827526344708,1552,5224
990,747204161125646336,915,3356
991,747103485104099331,3935,9495
992,746906459439529985,294,2877
993,746872823977771008,2115,5935
994,746818907684614144,1725,5286
995,746790600704425984,1590,4834
996,746757706116112384,3880,9516
997,746726898085036033,1781,6007
998,746542875601690625,1865,4999
999,746521445350707200,977,0
1000,746507379341139972,1076,4621
1001,746369468511756288,1616,6143
1002,746131877086527488,2180,6866
1003,746056683365994496,803,3530
1004,745789745784041472,1057,3986
1005,745712589599014916,2307,6963
1006,745433870967832576,2512,7029
1007,745422732645535745,2420,8501
1008,745314880350101504,2727,7129
1009,745074613265149952,3458,7779
1010,745057283344719872,2240,7211
1011,744995568523612160,611,2953
1012,744971049620602880,2658,7816
1013,744709971296780288,1552,5570
1014,744334592493166593,2087,6734
1015,744234799360020481,77149,155128
1016,744223424764059648,360,1651
1017,743980027717509120,1084,4136
1018,743895849529389061,955,3622
1019,743835915802583040,2053,0
1020,743609206067040256,1370,4435
1021,743595368194129920,6467,18218
1022,743545585370791937,933,3501
1023,743510151680958465,3705,7870
1024,743253157753532416,1214,4196
1025,743222593470234624,1893,6153
1026,743210557239623680,1346,3810
1027,742534281772302336,3536,7009
1028,742528092657332225,1949,4374
1029,742465774154047488,3884,7199
1030,742423170473463808,3727,9732
1031,742385895052087300,1947,6737
1032,742161199639494656,1352,4303
1033,742150209887731712,1528,5073
1034,741793263812808706,1497,4501
1035,741743634094141440,2721,8105
1036,741438259667034112,822,3650
1037,741303864243200000,3165,8698
1038,741099773336379392,5456,9888
1039,741067306818797568,3065,9426
1040,740995100998766593,2707,6304
1041,740711788199743490,925,3370
1042,740699697422163968,772,2821
1043,740676976021798912,6750,18006
1044,740373189193256964,13168,34656
1045,740365076218183684,426,2433
1046,740359016048689152,854,3266
1047,740214038584557568,1943,6628
1048,739979191639244800,5867,19756
1049,739932936087216128,1063,4016
1050,739844404073074688,848,3767
1051,739623569819336705,1336,3736
1052,739606147276148736,1637,5338
1053,739544079319588864,20998,39117
1054,739485634323156992,2895,7079
1055,739238157791694849,57287,114704
1056,738891149612572673,6,110
1057,738885046782832640,1130,3732
1058,738883359779196928,783,3267
1059,738537504001953792,1517,5028
1060,738402415918125056,820,3216
1061,738184450748633089,1197,4275
1062,738166403467907072,3311,8677
1063,738156290900254721,633,2476
1064,737826014890496000,1748,5212
1065,737800304142471168,3422,9883
1066,737678689543020544,1296,4984
1067,737445876994609152,4408,10136
1068,737322739594330112,805,3556
1069,737310737551491075,7323,14495
1070,736736130620620800,1703,4203
1071,736392552031657984,7280,17494
1072,736365877722001409,1228,3929
1073,736225175608430592,2743,8025
1074,736010884653420544,2943,7802
1075,735991953473572864,1134,3553
1076,735648611367784448,1086,3982
1077,735635087207878657,2317,6091
1078,735274964362878976,4968,12862
1079,735256018284875776,868,3286
1080,735137028879360001,961,3095
1081,734912297295085568,520,2721
1082,734787690684657664,6205,12374
1083,734776360183431168,532,2475
1084,734559631394082816,392,1465
1085,733828123016450049,773,3534
1086,733822306246479872,1009,3623
1087,733482008106668032,939,3098
1088,733460102733135873,1265,4141
1089,733109485275860992,16630,49609
1090,732732193018155009,528,2403
1091,732726085725589504,879,3504
1092,732585889486888962,768,3613
1093,732375214819057664,2479,7972
1094,732005617171337216,5325,14699
1095,731285275100512256,980,3445
1096,731156023742988288,1249,3789
1097,730924654643314689,1949,6064
1098,730573383004487680,2104,4830
1099,730427201120833536,1031,3442
1100,730211855403241472,1046,3770
1101,730196704625098752,1871,4776
1102,729854734790754305,1108,3973
1103,729838605770891264,379,1700
1104,729823566028484608,1230,3920
1105,729463711119904772,2284,5715
1106,729113531270991872,319,1853
1107,728986383096946689,810,3095
1108,728760639972315136,1676,4610
1109,728751179681943552,668,2722
1110,728653952833728512,1019,3269
1111,728409960103686147,1970,4844
1112,728387165835677696,946,3649
1113,728046963732717569,1181,4237
1114,728035342121635841,1644,4505
1115,728015554473250816,1089,4057
1116,727685679342333952,634,2923
1117,727644517743104000,1721,5799
1118,727524757080539137,1203,4411
1119,727314416056803329,728,3288
1120,727286334147182592,798,3008
1121,727175381690781696,1364,3861
1122,727155742655025152,1309,3571
1123,726935089318363137,2411,6769
1124,726887082820554753,1504,3787
1125,726828223124897792,990,3512
1126,726224900189511680,1123,4366
1127,725842289046749185,2632,6977
1128,725786712245440512,1353,4112
1129,725729321944506368,1756,5129
1130,725458796924002305,608,1392
1131,724983749226668032,1290,3681
1132,724771698126512129,625,2315
1133,724405726123311104,1627,5205
1134,724049859469295616,1750,4263
1135,724046343203856385,546,2621
1136,724004602748780546,1526,4112
1137,723912936180330496,1217,3832
1138,723688335806480385,2891,7565
1139,723673163800948736,873,2965
1140,723179728551723008,1834,5229
1141,722974582966214656,1540,4044
1142,722613351520608256,1614,4891
1143,721503162398597120,1811,4551
1144,721001180231503872,601,2497
1145,720785406564900865,755,3073
1146,720775346191278080,654,2427
1147,720415127506415616,1478,4066
1148,720389942216527872,2465,6274
1149,720340705894408192,964,2821
1150,720059472081784833,1108,3801
1151,720043174954147842,1974,4837
1152,719991154352222208,1719,4771
1153,719704490224398336,1406,4471
1154,719551379208073216,1876,4970
1155,719367763014393856,730,2760
1156,719339463458033665,1211,4368
1157,719332531645071360,932,3383
1158,718971898235854848,1058,3431
1159,718939241951195136,1731,5174
1160,718631497683582976,7917,18596
1161,718613305783398402,475,2404
1162,718540630683709445,1000,2419
1163,718460005985447936,515,2652
1164,718454725339934721,1490,4789
1165,718246886998687744,493,1880
1166,718234618122661888,978,3808
1167,717841801130979328,596,2422
1168,717790033953034240,1092,2840
1169,717537687239008257,1826,5703
1170,717428917016076293,441,1594
1171,717421804990701568,828,3116
1172,717047459982213120,1900,6202
1173,717009362452090881,947,3203
1174,716802964044845056,1153,4222
1175,716791146589110272,1554,8041
1176,716730379797970944,420,1214
1177,716447146686459905,5779,12875
1178,716439118184652801,205,2345
1179,716285507865542656,1039,2728
1180,716080869887381504,1869,6662
1181,715928423106027520,864,3141
1182,715758151270801409,1412,3663
1183,715733265223708672,1663,4586
1184,715704790270025728,558,2752
1185,715696743237730304,1270,3855
1186,715680795826982913,1592,4240
1187,715360349751484417,1538,5391
1188,715342466308784130,686,2998
1189,715220193576927233,639,2389
1190,715200624753819648,1854,5066
1191,715009755312439296,1210,4092
1192,714982300363173890,1017,3682
1193,714962719905021952,4195,7245
1194,714957620017307648,1392,4073
1195,714631576617938945,981,3229
1196,714606013974974464,912,3581
1197,714485234495041536,1110,2649
1198,714258258790387713,713,2985
1199,714251586676113411,823,3230
1200,714214115368108032,856,2236
1201,714141408463036416,1376,4265
1202,713919462244790272,780,3245
1203,713909862279876608,530,1865
1204,713900603437621249,732,2797
1205,713761197720473600,1352,4791
1206,713411074226274305,1282,4382
1207,713177543487135744,2792,7122
1208,713175907180089344,1454,4396
1209,712809025985978368,6632,18806
1210,712717840512598017,4905,12173
1211,712668654853337088,1197,4126
1212,712438159032893441,1541,5243
1213,712309440758808576,25,241
1214,712097430750289920,1016,3726
1215,712092745624633345,874,2898
1216,712085617388212225,479,3230
1217,712065007010385924,612,2236
1218,711998809858043904,125,0
1219,711968124745228288,2268,7951
1220,711743778164514816,973,2801
1221,711732680602345472,4052,8723
1222,711694788429553666,18072,32417
1223,711652651650457602,900,3805
1224,711363825979756544,1117,3602
1225,711306686208872448,725,3255
1226,711008018775851008,603,2959
1227,710997087345876993,1372,4508
1228,710844581445812225,678,2511
1229,710833117892898816,524,2652
1230,710658690886586372,552,2279
1231,710609963652087808,2341,4735
1232,710588934686908417,1838,4476
1233,710296729921429505,727,2347
1234,710283270106132480,516,2123
1235,710272297844797440,1234,4474
1236,710269109699739648,1103,2364
1237,710153181850935296,877,2861
1238,710140971284037632,869,2718
1239,710117014656950272,1967,5409
1240,709918798883774466,1073,3446
1241,709901256215666688,99,652
1242,709852847387627521,1186,3474
1243,709566166965075968,1188,3502
1244,709556954897764353,1055,3248
1245,709519240576036864,235,1477
1246,709449600415961088,562,2192
1247,709409458133323776,670,2587
1248,709225125749587968,565,2381
1249,709207347839836162,5711,12360
1250,709198395643068416,636,2402
1251,709179584944730112,663,1975
1252,709158332880297985,410,2009
1253,709042156699303936,1608,4673
1254,708853462201716736,651,1777
1255,708845821941387268,888,2941
1256,708834316713893888,494,1663
1257,708810915978854401,6828,16260
1258,708738143638450176,798,2718
1259,708711088997666817,709,2500
1260,708479650088034305,671,2510
1261,708469915515297792,802,3061
1262,708400866336894977,9912,15773
1263,708356463048204288,1298,3535
1264,708349470027751425,727,2311
1265,708149363256774660,1533,4223
1266,708130923141795840,840,3335
1267,708119489313951744,971,2658
1268,708109389455101952,543,1923
1269,708026248782585858,1903,4336
1270,707995814724026368,1111,3087
1271,707983188426153984,2,50
1272,707969809498152960,955,2673
1273,707776935007539200,945,3243
1274,707741517457260545,607,2458
1275,707738799544082433,2428,4024
1276,707693576495472641,980,3358
1277,707629649552134146,859,2539
1278,707610948723478529,6266,16774
1279,707420581654872064,689,2244
1280,707411934438625280,592,2281
1281,707387676719185920,1267,3457
1282,707377100785885184,1078,3240
1283,707315916783140866,632,2444
1284,707297311098011648,775,2740
1285,707059547140169728,664,2562
1286,707038192327901184,778,2158
1287,707021089608753152,1340,4024
1288,707014260413456384,591,2283
1289,706904523814649856,7761,14408
1290,706901761596989440,585,2028
1291,706681918348251136,964,3264
1292,706644897839910912,1075,2538
1293,706593038911545345,626,2126
1294,706538006853918722,1411,3439
1295,706516534877929472,1023,3077
1296,706346369204748288,913,3407
1297,706310011488698368,7823,21059
1298,706291001778950144,474,1678
1299,706265994973601792,924,2700
1300,706169069255446529,2184,3862
1301,706166467411222528,1582,5104
1302,706153300320784384,382,1469
1303,705975130514706432,723,3066
1304,705970349788291072,884,3140
1305,705898680587526145,542,2340
1306,705786532653883392,512,1910
1307,705591895322394625,1137,3124
1308,705475953783398401,897,2920
1309,705442520700944385,1606,4374
1310,705428427625635840,1662,3769
1311,705239209544720384,743,2970
1312,705223444686888960,788,2557
1313,705102439679201280,512,2116
1314,705066031337840642,615,2157
1315,704871453724954624,1105,4226
1316,704859558691414016,534,2228
1317,704847917308362754,1506,5007
1318,704819833553219584,974,2605
1319,704761120771465216,2886,6564
1320,704499785726889984,1004,2881
1321,704491224099647488,78,746
1322,704480331685040129,1057,3346
1323,704364645503647744,3509,7891
1324,704347321748819968,347,1564
1325,704134088924532736,453,1490
1326,704113298707505153,566,1830
1327,704054845121142784,906,2892
1328,703774238772166656,454,1823
1329,703769065844768768,1131,3235
1330,703631701117943808,676,2547
1331,703611486317502464,1511,3795
1332,703425003149250560,1352,3764
1333,703407252292673536,688,2415
1334,703382836347330562,1132,3477
1335,703356393781329922,382,1898
1336,703268521220972544,545,1955
1337,703079050210877440,3038,7298
1338,703041949650034688,12328,26048
1339,702932127499816960,717,2550
1340,702899151802126337,448,1593
1341,702684942141153280,1066,3194
1342,702671118226825216,550,2175
1343,702598099714314240,3392,12108
1344,702539513671897089,948,2853
1345,702332542343577600,1527,3142
1346,702321140488925184,1029,3242
1347,702276748847800320,759,2437
1348,702217446468493312,1325,4716
1349,701981390485725185,980,3417
1350,701952816642965504,1013,3806
1351,701889187134500865,1372,3498
1352,701805642395348998,1654,3379
1353,701601587219795968,445,2072
1354,701570477911896070,915,2781
1355,701545186879471618,604,2629
1356,701214700881756160,5045,12073
1357,700890391244103680,560,2196
1358,700864154249383937,612,2568
1359,700847567345688576,501,2433
1360,700796979434098688,928,2416
1361,700747788515020802,9197,22567
1362,700518061187723268,786,2581
1363,700505138482569216,561,2262
1364,700462010979500032,1769,4085
1365,700167517596164096,723,2608
1366,700151421916807169,665,2218
1367,700143752053182464,2682,7456
1368,700062718104104960,684,2623
1369,700029284593901568,581,2052
1370,700002074055016451,1325,3278
1371,699801817392291840,941,3030
1372,699788877217865730,505,2208
1373,699779630832685056,1219,2713
1374,699775878809702401,600,1939
1375,699691744225525762,4555,10176
1376,699446877801091073,2586,5886
1377,699434518667751424,509,2141
1378,699423671849451520,321,1343
1379,699413908797464576,622,2055
1380,699370870310113280,439,1869
1381,699323444782047232,854,3119
1382,699088579889332224,625,2218
1383,699079609774645248,647,2424
1384,699072405256409088,1182,2945
1385,699060279947165696,1777,3707
1386,699036661657767936,1188,2579
1387,698989035503689728,964,3311
1388,698953797952008193,891,2647
1389,698907974262222848,618,2513
1390,698710712454139905,675,2441
1391,698703483621523456,374,1430
1392,698635131305795584,336,1278
1393,698549713696649216,618,2300
1394,698355670425473025,443,1831
1395,698342080612007937,945,2246
1396,698262614669991936,1976,4707
1397,698195409219559425,5908,16580
1398,698178924120031232,733,2781
1399,697995514407682048,330,1498
1400,697990423684476929,1286,3249
1401,697943111201378304,669,2361
1402,697881462549430272,1162,2982
1403,697630435728322560,535,1722
1404,697616773278015490,1000,3121
1405,697596423848730625,1249,2981
1406,697575480820686848,495,2022
1407,697516214579523584,1101,2031
1408,697482927769255936,664,2390
1409,697463031882764288,1384,3380
1410,697270446429966336,1854,4644
1411,697259378236399616,993,3266
1412,697255105972801536,1152,3005
1413,697242256848379904,662,2490
1414,696900204696625153,1009,3139
1415,696894894812565505,674,2322
1416,696886256886657024,1775,4803
1417,696877980375769088,705,2418
1418,696754882863349760,358,1472
1419,696744641916489729,930,2044
1420,696713835009417216,645,2353
1421,696518437233913856,1693,3861
1422,696490539101908992,140,1200
1423,696488710901260288,1009,2491
1424,696405997980676096,1145,3166
1425,696100768806522880,645,1911
1426,695816827381944320,1150,2984
1427,695794761660297217,756,3131
1428,695767669421768709,735,1837
1429,695629776980148225,2067,4512
1430,695446424020918272,1793,4350
1431,695409464418041856,3529,8574
1432,695314793360662529,1436,3590
1433,695095422348574720,608,2601
1434,695074328191332352,1084,2812
1435,695064344191721472,584,1581
1436,695051054296211456,783,2637
1437,694925794720792577,910,2667
1438,694905863685980160,929,2718
1439,694669722378485760,14210,35435
1440,694356675654983680,284,1483
1441,694352839993344000,609,2010
1442,694342028726001664,479,1561
1443,694329668942569472,497,1979
1444,694206574471057408,2014,4119
1445,694183373896572928,918,2928
1446,694001791655137281,1016,3370
1447,693993230313091072,397,1854
1448,693942351086120961,366,1728
1449,693647888581312512,578,2659
1450,693644216740769793,122,1338
1451,693642232151285760,407,2509
1452,693629975228977152,783,2410
1453,693622659251335168,370,1519
1454,693590843962331137,1936,4998
1455,693582294167244802,243,1628
1456,693486665285931008,627,1757
1457,693280720173801472,1221,3315
1458,693267061318012928,805,2358
1459,693262851218264065,493,2191
1460,693231807727280129,725,2844
1461,693155686491000832,3174,7799
1462,693109034023534592,603,1697
1463,693095443459342336,454,1836
1464,692919143163629568,742,2650
1465,692905862751522816,857,2401
1466,692901601640583168,597,1744
1467,692894228850999298,789,2243
1468,692828166163931137,874,2837
1469,692752401762250755,3596,6753
1470,692568918515392513,1518,4309
1471,692535307825213440,1344,3132
1472,692530551048294401,409,1811
1473,692423280028966913,225,1472
1474,692417313023332352,3424,9273
1475,692187005137076224,810,2508
1476,692158366030913536,780,2129
1477,692142790915014657,389,1630
1478,692041934689402880,1257,3377
1479,692017291282812928,948,2859
1480,691820333922455552,1637,3913
1481,691793053716221953,4176,8047
1482,691756958957883396,984,2822
1483,691675652215414786,500,1935
1484,691483041324204033,559,2367
1485,691459709405118465,1126,4003
1486,691444869282295808,843,2620
1487,691416866452082688,7546,19107
1488,691321916024623104,654,2541
1489,691096613310316544,871,2935
1490,691090071332753408,330,1702
1491,690989312272396288,2836,5844
1492,690959652130045952,1232,3543
1493,690938899477221376,1928,4046
1494,690932576555528194,1004,3249
1495,690735892932222976,1253,3744
1496,690728923253055490,510,2155
1497,690690673629138944,810,2302
1498,690649993829576704,276,1288
1499,690607260360429569,18,294
1500,690597161306841088,597,1936
1501,690400367696297985,446,1868
1502,690374419777196032,839,3220
1503,690360449368465409,869,2641
1504,690348396616552449,512,1492
1505,690248561355657216,412,1656
1506,690021994562220032,1019,2763
1507,690015576308211712,725,2464
1508,690005060500217858,1669,3628
1509,689999384604450816,363,1403
1510,689993469801164801,444,1447
1511,689977555533848577,440,1354
1512,689905486972461056,692,2418
1513,689877686181715968,1149,3015
1514,689835978131935233,742,2153
1515,689661964914655233,922,3189
1516,689659372465688576,3811,10272
1517,689623661272240129,632,2210
1518,689599056876867584,5454,11533
1519,689557536375177216,451,2024
1520,689517482558820352,1414,3363
1521,689289219123089408,929,2239
1522,689283819090870273,1088,3227
1523,689280876073582592,700,1961
1524,689275259254616065,242,1132
1525,689255633275777024,1071,2524
1526,689154315265683456,992,3048
1527,689143371370250240,506,1999
1528,688916208532455424,857,2683
1529,688908934925697024,753,2095
1530,688898160958271489,772,2074
1531,688894073864884227,681,2222
1532,688828561667567616,366,1366
1533,688804835492233216,191,956
1534,688789766343622656,654,2200
1535,688547210804498433,688,2565
1536,688519176466644993,718,2295
1537,688385280030670848,4435,9189
1538,688211956440801280,821,2219
1539,688179443353796608,578,2118
1540,688116655151435777,764,2796
1541,688064179421470721,357,1713
1542,687841446767013888,2477,5396
1543,687826841265172480,1108,2716
1544,687818504314159109,936,2454
1545,687807801670897665,712,2376
1546,687732144991551489,659,1743
1547,687704180304273409,832,2412
1548,687664829264453632,505,1921
1549,687494652870668288,570,1880
1550,687480748861947905,236,1585
1551,687476254459715584,527,1967
1552,687460506001633280,540,2042
1553,687399393394311168,610,1871
1554,687317306314240000,9075,19949
1555,687312378585812992,1875,4316
1556,687127927494963200,2242,5382
1557,687124485711986689,499,2155
1558,687109925361856513,2430,5735
1559,687102708889812993,966,2321
1560,687096057537363968,600,2220
1561,686947101016735744,3156,8548
1562,686760001961103360,1364,3483
1563,686749460672679938,1439,3436
1564,686730991906516992,1188,4094
1565,686683045143953408,789,2792
1566,686618349602762752,1351,3671
1567,686606069955735556,538,1871
1568,686394059078897668,682,1721
1569,686386521809772549,869,3223
1570,686377065986265092,556,2185
1571,686358356425093120,662,2159
1572,686286779679375361,1645,3963
1573,686050296934563840,723,2193
1574,686035780142297088,115,1142
1575,686034024800862208,1132,3059
1576,686007916130873345,405,2458
1577,686003207160610816,617,1808
1578,685973236358713344,516,2079
1579,685943807276412928,585,1616
1580,685906723014619143,2846,7429
1581,685681090388975616,123,2011
1582,685667379192414208,559,2339
1583,685663452032069632,1438,3198
1584,685641971164143616,771,2916
1585,685547936038666240,15437,32611
1586,685532292383666176,1145,3008
1587,685325112850124800,3923,9360
1588,685321586178670592,628,2625
1589,685315239903100929,1030,3283
1590,685307451701334016,438,2051
1591,685268753634967552,1187,3063
1592,685198997565345792,661,2324
1593,685169283572338688,1412,4068
1594,684969860808454144,364,2367
1595,684959798585110529,3085,6763
1596,684940049151070208,1036,3185
1597,684926975086034944,456,3459
1598,684914660081053696,1435,3480
1599,684902183876321280,522,1855
1600,684880619965411328,799,2068
1601,684830982659280897,21419,34668
1602,684800227459624960,990,2713
1603,684594889858887680,3461,8812
1604,684588130326986752,1391,4075
1605,684567543613382656,1197,2985
1606,684538444857667585,940,2622
1607,684481074559381504,1157,3852
1608,684460069371654144,557,1958
1609,684241637099323392,3241,8058
1610,684225744407494656,206,1216
1611,684222868335505415,1351,3779
1612,684200372118904832,1022,2129
1613,684195085588783105,505,1887
1614,684188786104872960,1159,3461
1615,684177701129875456,658,1993
1616,684147889187209216,1497,2954
1617,684122891630342144,463,1986
1618,684097758874210310,1414,4074
1619,683857920510050305,1112,3768
1620,683852578183077888,340,1916
1621,683849932751646720,952,2581
1622,683834909291606017,1096,2597
1623,683828599284170753,1055,2764
1624,683773439333797890,1332,3313
1625,683742671509258241,3258,6402
1626,683515932363329536,2852,7256
1627,683498322573824003,953,3144
1628,683481228088049664,987,2629
1629,683462770029932544,664,2404
1630,683449695444799489,1584,3846
1631,683391852557561860,2373,7558
1632,683357973142474752,904,2878
1633,683142553609318400,1031,2841
1634,683111407806746624,899,3370
1635,683098815881154561,650,2144
1636,683078886620553216,557,1971
1637,683030066213818368,730,2144
1638,682962037429899265,16344,36422
1639,682808988178739200,167,1760
1640,682788441537560576,1096,2449
1641,682750546109968385,429,1503
1642,682697186228989953,355,1303
1643,682662431982772225,1066,3028
1644,682638830361513985,590,2058
1645,682429480204398592,1140,3402
1646,682406705142087680,1744,7473
1647,682393905736888321,659,2213
1648,682389078323662849,453,1640
1649,682303737705140231,960,3023
1650,682259524040966145,1186,4091
1651,682242692827447297,1147,3210
1652,682088079302213632,9737,18035
1653,682059653698686977,1659,4882
1654,682047327939461121,922,3158
1655,682032003584274432,1977,6505
1656,682003177596559360,1503,3087
1657,681981167097122816,1020,2779
1658,681891461017812993,805,2440
1659,681694085539872773,4011,12664
1660,681679526984871937,433,1753
1661,681654059175129088,914,2611
1662,681610798867845120,459,1878
1663,681579835668455424,1280,3514
1664,681523177663676416,5685,14128
1665,681340665377193984,275,1629
1666,681339448655802368,4034,9177
1667,681320187870711809,730,2613
1668,681302363064414209,1793,3891
1669,681297372102656000,941,3178
1670,681281657291280384,1087,3197
1671,681261549936340994,267,1443
1672,681242418453299201,523,1471
1673,681231109724700672,479,2380
1674,681193455364796417,1456,3652
1675,680970795137544192,646,2393
1676,680959110691590145,1979,4532
1677,680940246314430465,1039,3168
1678,680934982542561280,429,2065
1679,680913438424612864,612,2375
1680,680889648562991104,358,1743
1681,680836378243002368,1300,3423
1682,680805554198020098,657,2133
1683,680801747103793152,808,2353
1684,680798457301471234,1016,2815
1685,680609293079592961,689,2598
1686,680583894916304897,1315,3580
1687,680497766108381184,1882,4183
1688,680494726643068929,480,1699
1689,680473011644985345,735,2513
1690,680440374763077632,494,1428
1691,680221482581123072,290,1450
1692,680206703334408192,1150,2799
1693,680191257256136705,492,2114
1694,680176173301628928,1529,3844
1695,680161097740095489,724,2292
1696,680145970311643136,1715,3564
1697,680130881361686529,927,2255
1698,680115823365742593,892,2681
1699,680100725817409536,1351,3525
1700,680085611152338944,8853,12654
1701,680070545539371008,848,2550
1702,679877062409191424,641,1962
1703,679872969355714560,652,2158
1704,679862121895714818,607,2421
1705,679854723806179328,1207,2810
1706,679844490799091713,749,2335
1707,679828447187857408,13784,35744
1708,679777920601223168,1085,3054
1709,679736210798047232,778,2066
1710,679729593985699840,811,2141
1711,679722016581222400,459,1639
1712,679530280114372609,2050,4724
1713,679527802031484928,711,2601
1714,679511351870550016,1245,3312
1715,679503373272485890,1441,3122
1716,679475951516934144,626,2063
1717,679462823135686656,18453,31088
1718,679405845277462528,1181,2334
1719,679158373988876288,7892,20939
1720,679148763231985668,1010,2732
1721,679132435750195208,1135,2930
1722,679111216690831360,2535,5865
1723,679062614270468097,7919,16679
1724,679047485189439488,654,2211
1725,679001094530465792,1197,2781
1726,678991772295516161,1132,2262
1727,678969228704284672,449,1618
1728,678800283649069056,881,2520
1729,678798276842360832,1140,3396
1730,678774928607469569,885,2763
1731,678767140346941444,1330,3465
1732,678764513869611008,465,1604
1733,678755239630127104,3209,6977
1734,678740035362037760,1644,3691
1735,678708137298427904,2376,5501
1736,678675843183484930,1427,2809
1737,678643457146150913,397,2007
1738,678446151570427904,1507,3930
1739,678424312106393600,2485,5371
1740,678410210315247616,1766,4132
1741,678399652199309312,31070,77826
1742,678396796259975168,407,1561
1743,678389028614488064,413,1835
1744,678380236862578688,889,2391
1745,678341075375947776,526,1697
1746,678334497360859136,248,1284
1747,678278586130948096,5958,11221
1748,678255464182861824,357,1561
1749,678023323247357953,374,1874
1750,678021115718029313,6190,13354
1751,677961670166224897,1646,3350
1752,677918531514703872,397,1316
1753,677895101218201600,2022,4729
1754,677716515794329600,959,2991
1755,677700003327029250,1415,3319
1756,677698403548192770,311,1207
1757,677687604918272002,829,2440
1758,677673981332312066,1463,3267
1759,677662372920729601,929,1912
1760,677644091929329666,780,1817
1761,677573743309385728,686,2089
1762,677565715327688705,453,1275
1763,677557565589463040,1122,2397
1764,677547928504967168,3593,6800
1765,677530072887205888,223,1043
1766,677335745548390400,1730,2980
1767,677334615166730240,279,1315
1768,677331501395156992,231,1062
1769,677328882937298944,1464,3563
1770,677314812125323265,520,1609
1771,677301033169788928,391,1207
1772,677269281705472000,690,1935
1773,677228873407442944,1596,3468
1774,677187300187611136,896,2684
1775,676975532580409345,1042,2713
1776,676957860086095872,795,2190
1777,676949632774234114,385,1275
1778,676948236477857792,844,2110
1779,676946864479084545,359,1692
1780,676942428000112642,730,2022
1781,676936541936185344,4792,12425
1782,676916996760600576,1766,2913
1783,676897532954456065,707,2198
1784,676864501615042560,690,2047
1785,676821958043033607,15139,22367
1786,676819651066732545,647,1777
1787,676811746707918848,413,1389
1788,676776431406465024,1970,4877
1789,676617503762681856,932,2818
1790,676613908052996102,195,1054
1791,676606785097199616,419,1843
1792,676603393314578432,373,1133
1793,676593408224403456,2100,4443
1794,676590572941893632,118,891
1795,676588346097852417,758,2248
1796,676582956622721024,266,1160
1797,676575501977128964,1088,2515
1798,676533798876651520,538,1826
1799,676496375194980353,519,1479
1800,676470639084101634,4533,11305
1801,676440007570247681,644,1680
1802,676430933382295552,335,1362
1803,676263575653122048,526,2028
1804,676237365392908289,280,1177
1805,676219687039057920,30135,74377
1806,676215927814406144,557,1688
1807,676191832485810177,1003,2222
1808,676146341966438401,642,1865
1809,676121918416756736,1125,2101
1810,676101918813499392,1132,2748
1811,676098748976615425,1377,2917
1812,676089483918516224,425,1275
1813,675898130735476737,556,1567
1814,675891555769696257,828,2066
1815,675888385639251968,927,2303
1816,675878199931371520,1357,4065
1817,675870721063669760,548,1576
1818,675853064436391936,1250,2610
1819,675849018447167488,138,915
1820,675845657354215424,849,2206
1821,675822767435051008,519,1477
1822,675820929667219457,229,1017
1823,675798442703122432,3305,9951
1824,675781562965868544,452,1582
1825,675740360753160193,330,1130
1826,675710890956750848,788,1826
1827,675707330206547968,659,1914
1828,675706639471788032,92,626
1829,675534494439489536,397,1773
1830,675531475945709568,369,1150
1831,675522403582218240,278,1011
1832,675517828909424640,451,1249
1833,675501075957489664,5638,16633
1834,675497103322386432,1243,3035
1835,675489971617296384,573,1254
1836,675483430902214656,945,1787
1837,675432746517426176,551,1473
1838,675372240448454658,500,1631
1839,675362609739206656,222,1021
1840,675354435921575936,16187,31459
1841,675349384339542016,2189,3787
1842,675334060156301312,1240,2670
1843,675166823650848770,1530,3456
1844,675153376133427200,2482,6032
1845,675149409102012420,1623,3627
1846,675147105808306176,223,911
1847,675146535592706048,285,1141
1848,675145476954566656,860,2059
1849,675135153782571009,464,1263
1850,675113801096802304,759,1880
1851,675111688094527488,243,927
1852,675109292475830276,1093,2698
1853,675047298674663426,309,1030
1854,675015141583413248,1139,2610
1855,675006312288268288,213,946
1856,675003128568291329,448,1505
1857,674999807681908736,1066,2165
1858,674805413498527744,343,833
1859,674800520222154752,819,2907
1860,674793399141146624,1047,2420
1861,674790488185167872,241,1065
1862,674788554665512960,203,786
1863,674781762103414784,1148,1936
1864,674774481756377088,452,1073
1865,674767892831932416,752,1760
1866,674764817387900928,229,767
1867,674754018082705410,425,1319
1868,674752233200820224,447,1415
1869,674743008475090944,527,1350
1870,674742531037511680,49,467
1871,674739953134403584,373,1058
1872,674737130913071104,84,622
1873,674690135443775488,455,1104
1874,674670581682434048,619,1551
1875,674664755118911488,238,883
1876,674646392044941312,472,1381
1877,674644256330530816,260,993
1878,674638615994089473,559,1631
1879,674632714662858753,551,1451
1880,674606911342424069,93,906
1881,674468880899788800,1946,5996
1882,674447403907457024,345,1028
1883,674436901579923456,369,1073
1884,674422304705744896,522,1376
1885,674416750885273600,131,667
1886,674410619106390016,441,1157
1887,674394782723014656,550,1459
1888,674372068062928900,303,825
1889,674330906434379776,72,545
1890,674318007229923329,500,1361
1891,674307341513269249,6669,10932
1892,674291837063053312,5614,14135
1893,674271431610523648,702,1510
1894,674269164442398721,221,880
1895,674265582246694913,806,1576
1896,674262580978937856,432,1260
1897,674255168825880576,520,1406
1898,674082852460433408,161,734
1899,674075285688614912,271,956
1900,674063288070742018,2097,6128
1901,674053186244734976,1237,3164
1902,674051556661161984,468,1395
1903,674045139690631169,612,1350
1904,674042553264685056,121,689
1905,674038233588723717,401,1064
1906,674036086168010753,197,820
1907,674024893172875264,1172,1712
1908,674019345211760640,290,1085
1909,674014384960745472,609,1499
1910,674008982932058114,339,1150
1911,673956914389192708,914,1876
1912,673919437611909120,354,1123
1913,673906403526995968,1556,3044
1914,673887867907739649,243,902
1915,673716320723169284,715,2963
1916,673715861853720576,1970,3406
1917,673711475735838725,285,1000
1918,673709992831262724,259,802
1919,673708611235921920,274,1030
1920,673707060090052608,376,1058
1921,673705679337693185,391,1213
1922,673700254269775872,540,1372
1923,673697980713705472,1878,3804
1924,673689733134946305,615,1668
1925,673688752737402881,473,1213
1926,673686845050527744,413,1376
1927,673680198160809984,440,1313
1928,673662677122719744,349,1202
1929,673656262056419329,225,692
1930,673636718965334016,344,1056
1931,673612854080196609,686,1534
1932,673583129559498752,341,1146
1933,673580926094458881,263,798
1934,673576835670777856,539,1333
1935,673363615379013632,290,984
1936,673359818736984064,642,1391
1937,673355879178194945,548,1442
1938,673352124999274496,515,1596
1939,673350198937153538,199,722
1940,673345638550134785,1202,2412
1941,673343217010679808,258,929
1942,673342308415348736,546,1215
1943,673320132811366400,7501,12882
1944,673317986296586240,244,845
1945,673295268553605120,3024,7204
1946,673270968295534593,346,1033
1947,673240798075449344,686,1367
1948,673213039743795200,799,2145
1949,673148804208660480,595,1624
1950,672997845381865473,677,1889
1951,672995267319328768,273,910
1952,672988786805112832,272,949
1953,672984142909456390,517,1206
1954,672980819271634944,960,1748
1955,672975131468300288,860,1605
1956,672970152493887488,340,913
1957,672968025906282496,515,1269
1958,672964561327235073,614,1369
1959,672902681409806336,468,1311
1960,672898206762672129,403,867
1961,672884426393653248,803,1480
1962,672877615439593473,334,993
1963,672834301050937345,537,1258
1964,672828477930868736,464,1202
1965,672640509974827008,300,941
1966,672622327801233409,464,1239
1967,672614745925664768,553,1177
1968,672609152938721280,372,1066
1969,672604026190569472,382,1062
1970,672594978741354496,586,1280
1971,672591762242805761,322,912
1972,672591271085670400,177,694
1973,672538107540070400,345,989
1974,672523490734551040,160,605
1975,672488522314567680,411,1066
1976,672482722825261057,568,1080
1977,672481316919734272,123,690
1978,672475084225949696,667,1389
1979,672466075045466113,507,1298
1980,672272411274932228,3198,6175
1981,672267570918129665,585,1425
1982,672264251789176834,321,1089
1983,672256522047614977,1463,2701
1984,672254177670729728,705,1378
1985,672248013293752320,570,1667
1986,672245253877968896,147,656
1987,672239279297454080,305,860
1988,672231046314901505,958,1748
1989,672222792075620352,203,756
1990,672205392827572224,1096,2167
1991,672169685991993344,351,979
1992,672160042234327040,339,838
1993,672139350159835138,657,1666
1994,672125275208069120,1084,2284
1995,672095186491711488,353,957
1996,672082170312290304,346,905
1997,672068090318987265,487,1238
1998,671896809300709376,3975,8143
1999,671891728106971137,543,1259
2000,671882082306625538,1319,3306
2001,671879137494245376,634,1351
2002,671874878652489728,523,1200
2003,671866342182637568,470,1076
2004,671855973984772097,416,864
2005,671789708968640512,3293,6755
2006,671768281401958400,472,1150
2007,671763349865160704,854,1602
2008,671744970634719232,720,1296
2009,671743150407421952,226,722
2010,671735591348891648,718,1384
2011,671729906628341761,4130,8120
2012,671561002136281088,6875,12213
2013,671550332464455680,200,867
2014,671547767500775424,562,1293
2015,671544874165002241,998,1874
2016,671542985629241344,536,1045
2017,671538301157904385,369,893
2018,671536543010570240,386,1115
2019,671533943490011136,548,979
2020,671528761649688577,246,806
2021,671520732782923777,502,1338
2022,671518598289059840,283,910
2023,671511350426865664,671,1525
2024,671504605491109889,3374,6682
2025,671497587707535361,424,884
2026,671488513339211776,453,957
2027,671486386088865792,184,556
2028,671485057807351808,223,730
2029,671390180817915904,708,1379
2030,671362598324076544,286,1059
2031,671357843010908160,146,384
2032,671355857343524864,113,465
2033,671347597085433856,407,920
2034,671186162933985280,198,700
2035,671182547775299584,320,1074
2036,671166507850801152,328,837
2037,671163268581498880,1037,1570
2038,671159727754231808,76,352
2039,671154572044468225,206,681
2040,671151324042559489,143,638
2041,671147085991960577,202,640
2042,671141549288370177,621,1100
2043,671138694582165504,376,882
2044,671134062904504320,181,714
2045,671122204919246848,2377,3331
2046,671115716440031232,738,1303
2047,671109016219725825,413,1094
2048,670995969505435648,280,1062
2049,670842764863651840,8246,23582
2050,670840546554966016,183,561
2051,670838202509447168,656,1061
2052,670833812859932673,115,422
2053,670832455012716544,206,699
2054,670826280409919488,3856,5272
2055,670823764196741120,176,741
2056,670822709593571328,91,581
2057,670815497391357952,1460,3036
2058,670811965569282048,256,1075
2059,670807719151067136,464,1116
2060,670804601705242624,910,1872
2061,670803562457407488,84,329
2062,670797304698376195,223,707
2063,670792680469889025,260,788
2064,670789397210615808,224,631
2065,670786190031921152,192,571
2066,670783437142401025,365,790
2067,670782429121134593,730,1486
2068,670780561024270336,274,760
2069,670778058496974848,70,319
2070,670764103623966721,400,1037
2071,670755717859713024,101,424
2072,670733412878163972,488,916
2073,670727704916926465,338,798
2074,670717338665226240,458,1143
2075,670704688707301377,353,737
2076,670691627984359425,231,564
2077,670679630144274432,269,718
2078,670676092097810432,39,237
2079,670668383499735048,4753,10195
2080,670474236058800128,703,1445
2081,670468609693655041,82,341
2082,670465786746662913,515,932
2083,670452855871037440,194,528
2084,670449342516494336,618,1153
2085,670444955656130560,1882,6428
2086,670442337873600512,189,620
2087,670435821946826752,487,1011
2088,670434127938719744,614,1345
2089,670433248821026816,106,316
2090,670428280563085312,585,1322
2091,670427002554466305,150,498
2092,670421925039075328,601,1248
2093,670420569653809152,299,593
2094,670417414769758208,305,546
2095,670411370698022913,845,1929
2096,670408998013820928,208,531
2097,670403879788544000,144,408
2098,670385711116361728,192,541
2099,670374371102445568,253,717
2100,670361874861563904,61,316
2101,670338931251150849,101,407
2102,670319130621435904,1154,3720
2103,670303360680108032,124,416
2104,670290420111441920,269,666
2105,670093938074779648,316,985
2106,670086499208155136,241,669
2107,670079681849372674,1158,2121
2108,670073503555706880,747,1491
2109,670069087419133954,225,597
2110,670061506722140161,315,730
2111,670055038660800512,309,636
2112,670046952931721218,162,618
2113,670040295598354432,105,719
2114,670037189829525505,258,568
2115,670003130994700288,85,317
2116,669993076832759809,79,311
2117,669972011175813120,148,424
2118,669970042633789440,54,289
2119,669942763794931712,150,483
2120,669926384437997569,92,361
2121,669923323644657664,53,225
2122,669753178989142016,375,772
2123,669749430875258880,63,252
2124,669684865554620416,86,492
2125,669683899023405056,102,370
2126,669682095984410625,128,339
2127,669680153564442624,268,640
2128,669661792646373376,410,775
2129,669625907762618368,1709,3357
2130,669603084620980224,343,908
2131,669597912108789760,142,491
2132,669583744538451968,874,1427
2133,669573570759163904,132,418
2134,669571471778410496,963,1520
2135,669567591774625800,53,226
2136,669564461267722241,117,372
2137,669393256313184256,70,344
2138,669375718304980992,690,1266
2139,669371483794317312,169,472
2140,669367896104181761,143,439
2141,669363888236994561,216,595
2142,669359674819481600,113,353
2143,669354382627049472,1216,2569
2144,669353438988365824,246,600
2145,669351434509529089,170,413
2146,669328503091937280,397,972
2147,669327207240699904,114,549
2148,669324657376567296,197,475
2149,669216679721873412,386,1145
2150,669214165781868544,151,420
2151,669203728096960512,443,958
2152,669037058363662336,297,627
2153,669015743032369152,353,712
2154,669006782128353280,233,552
2155,669000397445533696,6041,19969
2156,668994913074286592,212,423
2157,668992363537309700,321,715
2158,668989615043424256,313,641
2159,668988183816871936,438,865
2160,668986018524233728,156,527
2161,668981893510119424,286,515
2162,668979806671884288,330,765
2163,668975677807423489,552,1243
2164,668967877119254528,21,139
2165,668960084974809088,230,674
2166,668955713004314625,67,264
2167,668932921458302977,55,250
2168,668902994700836864,95,303
2169,668892474547511297,141,384
2170,668872652652679168,287,504
2171,668852170888998912,152,432
2172,668826086256599040,127,418
2173,668815180734689280,249,537
2174,668779399630725120,350,675
2175,668655139528511488,207,498
2176,668645506898350081,503,835
2177,668643542311546881,502,835
2178,668641109086707712,514,1021
2179,668636665813057536,467,994
2180,668633411083464705,1520,2666
2181,668631377374486528,302,678
2182,668627278264475648,108,300
2183,668625577880875008,121,365
2184,668623201287675904,713,1360
2185,668620235289837568,38,190
2186,668614819948453888,302,588
2187,668587383441514497,1017,1588
2188,668567822092664832,49,231
2189,668544745690562560,215,489
2190,668542336805281792,200,432
2191,668537837512433665,67,244
2192,668528771708952576,211,440
2193,668507509523615744,98,311
2194,668496999348633600,124,391
2195,668484198282485761,220,411
2196,668480044826800133,139,436
2197,668466899341221888,484,852
2198,668297328638447616,281,600
2199,668291999406125056,29,231
2200,668286279830867968,129,481
2201,668274247790391296,222,783
2202,668268907921326080,222,531
2203,668256321989451776,569,1232
2204,668248472370458624,453,922
2205,668237644992782336,2685,5899
2206,668226093875376128,96,284
2207,668221241640230912,186,494
2208,668204964695683073,184,532
2209,668190681446379520,190,616
2210,668171859951755264,183,464
2211,668154635664932864,294,474
2212,668142349051129856,265,550
2213,668113020489474048,223,640
2214,667937095915278337,754,1194
2215,667924896115245057,108,281
2216,667915453470232577,53,199
2217,667911425562669056,282,470
2218,667902449697558528,359,818
2219,667886921285246976,1016,1780
2220,667885044254572545,448,778
2221,667878741721415682,112,375
2222,667873844930215936,384,598
2223,667866724293877760,977,2885
2224,667861340749471744,74,231
2225,667832474953625600,59,283
2226,667806454573760512,464,1007
2227,667801013445750784,92,314
2228,667793409583771648,311,669
2229,667782464991965184,233,395
2230,667773195014021121,52,223
2231,667766675769573376,204,418
2232,667728196545200128,143,363
2233,667724302356258817,306,459
2234,667550904950915073,32,0
2235,667550882905632768,32,0
2236,667549055577362432,2125,5497
2237,667546741521195010,116,324
2238,667544320556335104,494,815
2239,667538891197542400,61,194
2240,667534815156183040,495,780
2241,667530908589760512,224,445
2242,667524857454854144,1055,1611
2243,667517642048163840,181,350
2244,667509364010450944,2009,6467
2245,667502640335572993,211,512
2246,667495797102141441,251,498
2247,667491009379606528,211,501
2248,667470559035432960,90,242
2249,667455448082227200,56,182
2250,667453023279554560,84,297
2251,667443425659232256,543,746
2252,667437278097252352,223,427
2253,667435689202614272,79,294
2254,667405339315146752,211,445
2255,667393430834667520,52,184
2256,667369227918143488,153,350
2257,667211855547486208,224,464
2258,667200525029539841,245,581
2259,667192066997374976,92,363
2260,667188689915760640,375,709
2261,667182792070062081,5803,13573
2262,667177989038297088,51,183
2263,667176164155375616,431,580
2264,667174963120574464,73,233
2265,667171260800061440,77,210
2266,667165590075940865,1056,2546
2267,667160273090932737,59,242
2268,667152164079423490,15918,45274
2269,667138269671505920,2053,4344
2270,667119796878725120,122,317
2271,667090893657276420,117,316
2272,667073648344346624,112,379
2273,667070482143944705,14,79
2274,667065535570550784,42,159
2275,667062181243039745,49,207
2276,667044094246576128,46,174
2277,667012601033924608,211,421
2278,666996132027977728,84,230
2279,666983947667116034,916,2421
2280,666837028449972224,517,762
2281,666835007768551424,75,200
2282,666826780179869698,87,241
2283,666817836334096384,236,482
2284,666804364988780544,85,218
2285,666786068205871104,455,710
2286,666781792255496192,177,363
2287,666776908487630848,161,328
2288,666739327293083650,61,221
2289,666701168228331520,203,406
2290,666691418707132416,45,173
2291,666649482315059201,578,1056
2292,666644823164719104,76,220
2293,666454714377183233,199,486
2294,666447344410484738,18,97
2295,666437273139982337,42,114
2296,666435652385423360,47,158
2297,666430724426358785,177,294
2298,666428276349472768,76,154
2299,666421158376562688,105,294
2300,666418789513326592,42,113
2301,666411507551481857,295,408
2302,666407126856765440,32,99
2303,666396247373291520,75,156
2304,666373753744588802,83,172
2305,666362758909284353,516,721
2306,666353288456101888,64,197
2307,666345417576210432,128,274
2308,666337882303524864,83,180
2309,666293911632134144,317,465
2310,666287406224695296,60,135
2311,666273097616637952,70,160
2312,666268910803644416,32,96
2313,666104133288665088,5940,13549
2314,666102155909144576,11,70
2315,666099513787052032,58,142
2316,666094000022159362,66,153
2317,666082916733198337,41,103
2318,666073100786774016,145,296
2319,666071193221509120,52,135
2320,666063827256086533,195,447
2321,666058600524156928,53,105
2322,666057090499244032,124,268
2323,666055525042405380,219,406
2324,666051853826850816,771,1119
2325,666050758794694657,51,124
2326,666049248165822465,40,96
2327,666044226329800704,130,270
2328,666033412701032449,41,112
2329,666029285002620928,42,120
2330,666020888022790149,460,2395
